CREATE DATABASE IF NOT EXISTS lab1;
USE lab1;
DROP TABLE IF EXISTS Количество_деталей_S;
DROP TABLE IF EXISTS Проекты_J;
DROP TABLE IF EXISTS Детали_P;
DROP TABLE IF EXISTS Поставщики_S;
CREATE TABLE Поставщики_S (
    П CHAR(2) PRIMARY KEY,  
    Имя_П VARCHAR(50) NOT NULL,
    Статус INT NOT NULL,
    Город VARCHAR(50) NOT NULL
);
INSERT Поставщики_S(П, Имя_П, Статус, Город)
VALUES
('П1','ПЕТРОВ', 20, 'Москва'),
('П2','Синицин', 10, 'Талиин'),
('П3','Федоров', 30, 'Талиин'),
('П4','Чаянов', 20, 'Минск'),
('П5','Крюков', 30, 'Киев');
CREATE TABLE Детали_P (
    Д CHAR(2) PRIMARY KEY,  
    Имя_Д VARCHAR(50) NOT NULL,
    Цвет VARCHAR(50) NOT NULL,
    Размер INT NOT NULL,
    Город VARCHAR(50) NOT NULL
);
INSERT Детали_P(Д, Имя_Д, Цвет, Размер, Город)
VALUES
('Д1','Болт', 'Красный', 12, 'Москва'),
('Д2','Гайка', 'Зелёный', 17, 'Минск'),
('Д3','Диск', 'Черный', 17, 'Вилюнюс'),
('Д4','Диск', 'Черный', 14, 'Москва'),
('Д5','Корпус', 'Красный', 12, 'Минск'),
('Д6','Крышки', 'Красный', 19, 'Москва');
CREATE TABLE Проекты_J (
    ПР CHAR(3) PRIMARY KEY,  
    Имя_ПР VARCHAR(50) NOT NULL,
    Город VARCHAR(50) NOT NULL
);
INSERT Проекты_J(ПР, Имя_ПР, Город)
VALUES
('ПР1','ИПР1', 'Минск'),
('ПР2','ИПР2', 'Талинн'),
('ПР3','ИПР3', 'Псков'),
('ПР4','ИПР4', 'Псков'),
('ПР5','ИПР5', 'Москва'),
('ПР6','ИПР6', 'Саратов'),
('ПР7','ИПР7', 'Москва');
CREATE TABLE Количество_деталей_S (
    П CHAR(2) NOT NULL,  
    Д CHAR(2) NOT NULL,
    ПР CHAR(3) NOT NULL,
    S INT NOT NULL,
    foreign key (П) references Поставщики_S(П) ON DELETE cascade,
    foreign key (Д) references Детали_P(Д) ON DELETE cascade,
    foreign key (ПР) references Проекты_J(ПР) ON DELETE cascade,
    PRIMARY KEY(П, Д, ПР)
);
INSERT Количество_деталей_S(П, Д, ПР, S)
VALUES
('П1','Д1', 'ПР1', 200),
('П1','Д1', 'ПР2', 700),
('П2','Д3', 'ПР1', 400),
('П2','Д2', 'ПР2', 200),
('П2','Д3', 'ПР3', 200),
('П2','Д3', 'ПР4', 500),
('П2','Д3', 'ПР5', 600),
('П2','Д3', 'ПР6', 400),
('П2','Д3', 'ПР7', 800),
('П2','Д5', 'ПР2', 100),
('П3','Д3', 'ПР1', 200),
('П3','Д4', 'ПР2', 500),
('П4','Д6', 'ПР3', 300),
('П4','Д6', 'ПР7', 300),
('П5','Д2', 'ПР2', 200),
('П5','Д2', 'ПР4', 100),
('П5','Д5', 'ПР5', 500),
('П5','Д5', 'ПР7', 100),
('П5','Д6', 'ПР2', 200),
('П5','Д1', 'ПР2', 100),
('П5','Д3', 'ПР4', 200),
('П5','Д4', 'ПР4', 800),
('П5','Д5', 'ПР4', 400),
('П5','Д6', 'ПР4', 500);